{"blocks":{"languageVersion":0,"blocks":[{"type":"select","id":"{MTrpMI4]DhOV*O|/]9O","x":77,"y":4,"inputs":{"COLUMNS":{"block":{"type":"combiner","id":"O{)WB$6kuK,:(V5*Fh5;","fields":{"OPERATION":","},"inputs":{"FIRST":{"block":{"type":"text","id":"qg|.2BLq;LJwyOt1T%_,","fields":{"TEXT":"ingredient_id"}}},"SECOND":{"block":{"type":"aggregation_function","id":"iSJ:wwd/dCSgRJi1gAxZ","fields":{"AGGREGATION_FUNCTION":"count"},"inputs":{"COLUMN":{"block":{"type":"text","id":"a.6Z,-C-m[.M3XC6rL89","fields":{"TEXT":"*"}}}}}}}}},"TABLE":{"block":{"type":"text","id":"eols{M@6TBRlsEz8X`Q)","fields":{"TEXT":"spellingredients"}}},"PARAMETERS":{"block":{"type":"group_by","id":"pa}(kFW^yffFfFaH~5zH","inputs":{"GROUP_COLUMN":{"block":{"type":"text","id":"=_R!.F70Pw1I^`Sx-`3!","fields":{"TEXT":"ingredient_id"}}}}}}}}]}}