{"blocks":{"languageVersion":0,"blocks":[{"type":"select","id":"4UrKda4:|!)~Z8SJ0/y$","x":163,"y":-48,"inputs":{"COLUMNS":{"block":{"type":"text","id":"/|smU1PYB/R0z*78~R,-","fields":{"TEXT":"ingredient_id"}}},"TABLE":{"block":{"type":"text","id":"{UI8a1AZAp.AwbI{5}P_","fields":{"TEXT":"spellingredients"}}},"PARAMETERS":{"block":{"type":"group_by","id":"nsN;N)V(xI$MLVPZa13v","inputs":{"GROUP_COLUMN":{"block":{"type":"text","id":"8f;us(w}`bjjfe,fFH#)","fields":{"TEXT":"ingredient_id"}}}},"next":{"block":{"type":"having","id":"--U:k%=mgxD-^=!Zvkc*","inputs":{"HAVING_CONDITION":{"block":{"type":"aggregation_function","id":"COD5!`++/$~AI?/9Po1=","fields":{"AGGREGATION_FUNCTION":"sum"},"inputs":{"COLUMN":{"block":{"type":"text","id":"XVqCRqmfzMb|Z7oiC1tX","fields":{"TEXT":"quantity>3"}}}}}}}}}}}}}]}}