{"blocks":{"languageVersion":0,"blocks":[{"type":"select","id":"4UrKda4:|!)~Z8SJ0/y$","x":97,"y":-176,"inputs":{"COLUMNS":{"block":{"type":"combiner","id":"y,Zf%NL.,q]C+g`YbC0~","fields":{"OPERATION":","},"inputs":{"FIRST":{"block":{"type":"text","id":"/|smU1PYB/R0z*78~R,-","fields":{"TEXT":"spells.title"}}},"SECOND":{"block":{"type":"text","id":"{~SJz1B1xQGL#e@G-Z8e","fields":{"TEXT":"ingredients.name"}}}}}},"TABLE":{"block":{"type":"text","id":"QPJ+=K_AicGW+XOb!O*|","fields":{"TEXT":"spellingredients"}}},"PARAMETERS":{"block":{"type":"join","id":"H]F3bLYG@a+%):KncSJR","inputs":{"TABLE_NAME":{"block":{"type":"text","id":"z|jOj*kE,K%91(iO#A;3","fields":{"TEXT":"spells"}}},"JOIN_CONDITION":{"block":{"type":"text","id":"Bgan#!OVZ2uIv,q#XMD4","fields":{"TEXT":"spellingredients.spell_id = spells.spell_id"}}}},"next":{"block":{"type":"join","id":"MLHs2D9bg?[/,Otr%o1)","inputs":{"TABLE_NAME":{"block":{"type":"text","id":"37*^|Fh%*Jt?V]dH|l8e","fields":{"TEXT":"ingredients"}}},"JOIN_CONDITION":{"block":{"type":"text","id":"W0MMq2H,oB8%nRP,CD}k","fields":{"TEXT":"spellingredients.ingredient_id = ingredients.ingredient_id"}}}}}}}}}}]}}