{"blocks":{"languageVersion":0,"blocks":[{"type":"select","id":"4UrKda4:|!)~Z8SJ0/y$","x":72,"y":-252,"inputs":{"COLUMNS":{"block":{"type":"text","id":"/|smU1PYB/R0z*78~R,-","fields":{"TEXT":"spells.title"}}},"TABLE":{"block":{"type":"text","id":"R~pPphH;;#l6]9URtq)6","fields":{"TEXT":"spells"}}},"PARAMETERS":{"block":{"type":"join","id":"H]F3bLYG@a+%):KncSJR","inputs":{"TABLE_NAME":{"block":{"type":"text","id":"}xy]9}g7*5;GITeyFyEw","fields":{"TEXT":"spellingredients"}}},"JOIN_CONDITION":{"block":{"type":"text","id":"Hz(lU0fj5+O!ipRcTOE=","fields":{"TEXT":"spells.spell_id = spellingredients.spell_id"}}}},"next":{"block":{"type":"join","id":"=N^P:Q~_AZ1o88TqrE)G","inputs":{"TABLE_NAME":{"block":{"type":"text","id":"enGxx1t@n2HH!d;e^cqw","fields":{"TEXT":"ingredients"}}},"JOIN_CONDITION":{"block":{"type":"text","id":"LQY/,J:[/o7/X2B4:7+A","fields":{"TEXT":"spellingredients.ingredient_id = ingredients.ingredient_id"}}}},"next":{"block":{"type":"where","id":"E;/J8:[.Aum!*)(so$9o","inputs":{"CONDITION":{"block":{"type":"text","id":"!:0U{6x[TeS93fpIlr$T","fields":{"TEXT":"ingredients.name = 'Λέπια Δράκου'"}}}}}}}}}}}}]}}