{"blocks":{"languageVersion":0,"blocks":[{"type":"select","id":"4UrKda4:|!)~Z8SJ0/y$","x":16,"y":-205,"inputs":{"COLUMNS":{"block":{"type":"combiner","id":"y,Zf%NL.,q]C+g`YbC0~","fields":{"OPERATION":","},"inputs":{"FIRST":{"block":{"type":"text","id":"/|smU1PYB/R0z*78~R,-","fields":{"TEXT":"ingredients.name"}}},"SECOND":{"block":{"type":"aggregation_function","id":"COD5!`++/$~AI?/9Po1=","fields":{"AGGREGATION_FUNCTION":"avg"},"inputs":{"COLUMN":{"block":{"type":"text","id":"J6w!3N~H?@HK4xXm;[NI","fields":{"TEXT":"spellingredients.quantity"}}}}}}}}},"TABLE":{"block":{"type":"text","id":"2)aBj^4`u26a0r?0-N^+","fields":{"TEXT":"spellingredients"}}},"PARAMETERS":{"block":{"type":"join","id":"H]F3bLYG@a+%):KncSJR","inputs":{"TABLE_NAME":{"block":{"type":"text","id":"b6#S]Av+Fs@:hAPFey0A","fields":{"TEXT":"ingredients"}}},"JOIN_CONDITION":{"block":{"type":"text","id":"VP;BRH!:p|e!zL:sO@3$","fields":{"TEXT":"spellingredients.ingredient_id = ingredients.ingredient_id"}}}},"next":{"block":{"type":"group_by","id":"nsN;N)V(xI$MLVPZa13v","inputs":{"GROUP_COLUMN":{"block":{"type":"text","id":";e#opL!Zf?+MTn{:V#7b","fields":{"TEXT":"ingredients.name"}}}}}}}}}}]}}