{"blocks":{"languageVersion":0,"blocks":[{"type":"select","id":"4UrKda4:|!)~Z8SJ0/y$","x":25,"y":-294,"inputs":{"COLUMNS":{"block":{"type":"combiner","id":"y,Zf%NL.,q]C+g`YbC0~","fields":{"OPERATION":","},"inputs":{"FIRST":{"block":{"type":"text","id":"/|smU1PYB/R0z*78~R,-","fields":{"TEXT":"ingredient_id"}}},"SECOND":{"block":{"type":"aggregation_function","id":"COD5!`++/$~AI?/9Po1=","fields":{"AGGREGATION_FUNCTION":"count"},"inputs":{"COLUMN":{"block":{"type":"text","id":";ajinR2%;@Qpz-WtfuMC","fields":{"TEXT":"spell_id"}}}}}}}}},"TABLE":{"block":{"type":"text","id":":^}gwUsO)4W5LD{[zS0y","fields":{"TEXT":"spellingredients"}}},"PARAMETERS":{"block":{"type":"group_by","id":"nsN;N)V(xI$MLVPZa13v","inputs":{"GROUP_COLUMN":{"block":{"type":"text","id":"hMNrp^dj]5O$h?aa64YX","fields":{"TEXT":"ingredient_id"}}}},"next":{"block":{"type":"order_by","id":"oikkGIO}#}X39OC$h~f5","fields":{"ORDER":"DESC"},"inputs":{"ORDER_COLUMN":{"block":{"type":"aggregation_function","id":"Q:p%vDHQ8k}Sa2(Oo@?p","fields":{"AGGREGATION_FUNCTION":"count"},"inputs":{"COLUMN":{"block":{"type":"text","id":"XAfPmd4Fy)6:qlHht0u.","fields":{"TEXT":"spell_id"}}}}}}}}}}}}}]}}