{"blocks":{"languageVersion":0,"blocks":[{"type":"select","id":"4UrKda4:|!)~Z8SJ0/y$","x":-79,"y":-232,"inputs":{"COLUMNS":{"block":{"type":"aggregation_function","id":"COD5!`++/$~AI?/9Po1=","fields":{"AGGREGATION_FUNCTION":"count"},"inputs":{"COLUMN":{"block":{"type":"text","id":"/|smU1PYB/R0z*78~R,-","fields":{"TEXT":"*"}}}}}},"TABLE":{"block":{"type":"text","id":"BJ0]s1v2l8I.oTd2,U,b","fields":{"TEXT":"spellingredients"}}},"PARAMETERS":{"block":{"type":"join","id":"H]F3bLYG@a+%):KncSJR","inputs":{"TABLE_NAME":{"block":{"type":"text","id":"y}UnFH`D#ollYnYyYgL`","fields":{"TEXT":"ingredients"}}},"JOIN_CONDITION":{"block":{"type":"text","id":"Jx;h=?vuzn_}uGkdc{#f","fields":{"TEXT":"spellingredients.ingredient_id = ingredients.ingredient_id"}}}},"next":{"block":{"type":"where","id":"E;/J8:[.Aum!*)(so$9o","inputs":{"CONDITION":{"block":{"type":"text","id":"2)w9?~]_`u#1Wgn[kQdH","fields":{"TEXT":"ingredients.name = 'Φτερό Φοίνικα'"}}}}}}}}}}]}}