{"blocks":{"languageVersion":0,"blocks":[{"type":"select","id":"R?O~Q7s;5^cBuxQt1@H}","x":136,"y":54,"inputs":{"COLUMNS":{"block":{"type":"text","id":"N2DyeWImWILE$qUf15at","fields":{"TEXT":"*"}}},"TABLE":{"block":{"type":"text","id":"bxRftF9m8vPc~rXL1N7;","fields":{"TEXT":"spells"}}},"PARAMETERS":{"block":{"type":"where","id":"4!]]1.RPN#[zX2*CU{F=","inputs":{"CONDITION":{"block":{"type":"combiner","id":".oz1UX8RFDW6_QzLTbw9","fields":{"OPERATION":"OR"},"inputs":{"FIRST":{"block":{"type":"text","id":"=_R!.F70Pw1I^`Sx-`3!","fields":{"TEXT":"spell_id=1"}}},"SECOND":{"block":{"type":"text","id":"}6#6WZ!Y(^VZ0rkfG2V^","fields":{"TEXT":"spell_id=2"}}}}}}}}}}}]}}