{"blocks":{"languageVersion":0,"blocks":[{"type":"insert","id":"Q9lE^cfNo=,ESU15F4KB","x":162,"y":171,"inputs":{"TABLE":{"block":{"type":"text","id":"W78,Xx#JcRY;lWVKWA9E","fields":{"TEXT":"ingredients"}}},"COLUMNS":{"block":{"type":"column_name","id":"280[*ukQW|XeaCd{BXnE","inputs":{"COLUMN":{"block":{"type":"text","id":"^o[tDp(py!..?a9^c{b-","fields":{"TEXT":"ingredient_id"}}}},"next":{"block":{"type":"column_name","id":"[!kly8!c5US.}!OmaK{1","inputs":{"COLUMN":{"block":{"type":"text","id":"%|/#](UGN%Whk,GUFP8Z","fields":{"TEXT":"name"}}}}}}}},"VALUES":{"block":{"type":"value","id":"Bo*dnwAQ@KCYNP5.9TjP","inputs":{"VALUE":{"block":{"type":"text","id":"Q^N~|e5S!gKs%nbpgS?%","fields":{"TEXT":"5"}}}},"next":{"block":{"type":"value","id":"KT^b3_E0X6]fha=AEgP}","inputs":{"VALUE":{"block":{"type":"text","id":"n3M6LT#-#4D4J0x_{JMw","fields":{"TEXT":"'Χρυσό Μανιτάρι'"}}}}}}}}}}]}}