{"blocks":{"languageVersion":0,"blocks":[{"type":"update","id":"u_6bm*8//uqu#Vd2x%|=","x":112,"y":73,"inputs":{"TABLE":{"block":{"type":"text","id":"=_R!.F70Pw1I^`Sx-`3!","fields":{"TEXT":"spells"}}},"SET_CLAUSES":{"block":{"type":"set_clause","id":"T-DC`}}-v(g(|sgv!QSD","inputs":{"COLUMN_NAME":{"block":{"type":"text","id":"kd;1HaWd`c5vd-4q)8:n","fields":{"TEXT":"title"}}},"COLUMN_VALUE":{"block":{"type":"text","id":"$DlH-*{!@yWv1pd~)H2(","fields":{"TEXT":"'Ξόρκι Νυχτεριδοακοής'"}}}}}},"UPDATE_CONDITION":{"block":{"type":"where","id":"8o+xFLQxQSWtyrUPX^;M","inputs":{"CONDITION":{"block":{"type":"text","id":"./*Q7|,lbW|18bu8CY--","fields":{"TEXT":"title= 'Ξόρκι Ηχητικής Ενίσχυσης'"}}}}}}}}]}}