{"blocks":{"languageVersion":0,"blocks":[{"type":"select","id":"Uqoy5D@|{1AIc=?q66Hv","x":66,"y":-13,"inputs":{"COLUMNS":{"block":{"type":"combiner","id":".oz1UX8RFDW6_QzLTbw9","fields":{"OPERATION":","},"inputs":{"FIRST":{"block":{"type":"text","id":"Afcw5eELmj%M#6LN#[Iu","fields":{"TEXT":"spell_id"}}},"SECOND":{"block":{"type":"aggregation_function","id":"80}Fp}2Va}TJ5T::xsJ*","fields":{"AGGREGATION_FUNCTION":"min"},"inputs":{"COLUMN":{"block":{"type":"text","id":"=_R!.F70Pw1I^`Sx-`3!","fields":{"TEXT":"quantity"}}}}}}}}},"TABLE":{"block":{"type":"text","id":"AHglt0$,X$sG$[[GB$Jf","fields":{"TEXT":"spellingredients"}}}}}]}}