{"blocks":{"languageVersion":0,"blocks":[{"type":"delete","id":"o~J*4pTzwis^9~@pf_I.","x":172,"y":70,"inputs":{"TABLE":{"block":{"type":"text","id":"=_R!.F70Pw1I^`Sx-`3!","fields":{"TEXT":"spellingredients"}}},"DELETE_CONDITION":{"block":{"type":"where","id":"8o+xFLQxQSWtyrUPX^;M","inputs":{"CONDITION":{"block":{"type":"text","id":"mDv@P[6og{9Ig)OUi.*J","fields":{"TEXT":"spell_id=3"}}}}}}}},{"type":"delete","id":"Zxkn]3{Ll`/zz=p6loE8","x":179,"y":212,"inputs":{"TABLE":{"block":{"type":"text","id":"6!/.|Y*`D$Fh07Su[OoO","fields":{"TEXT":"spells"}}},"DELETE_CONDITION":{"block":{"type":"where","id":"rn*$Az]O_T_P0gK+X(h%","inputs":{"CONDITION":{"block":{"type":"text","id":"pDMr`p*R6iA2SJZ4*-+^","fields":{"TEXT":"spell_id=3"}}}}}}}}]}}