[
    {
        "spell_id": 1,
        "title": "Ξόρκι Αιώρησης",
        "description": "Επιτρέπει στον χρήστη να σηκώνει αντικείμενα στον αέρα"
    },
    {
        "spell_id": 2,
        "title": "Ξόρκι Αορατότητας",
        "description": "Επιτρέπει στον χρήστη να γίνεται αόρατος κατά βούληση"
    },
    {
        "spell_id": 3,
        "title": "Ξόρκι Φλογόμπαλας",
        "description": "Επιτρέπει στον χρήστη την δημιουργίας μίας μαγικής φλογόμπαλας την οποία μπορεί να εκτοξεύσει"
    },
    {
        "spell_id": 4,
        "title": "Ξόρκι Θεραπείας",
        "description": "Επιτρέπει στον χρήστη να θεραπεύσει οποιονδήποτε τραυματισμό"
    },
    {
        "spell_id": 5,
        "title": "Ξόρκι Ηχητικής Ενίσχυσης",
        "description": "Επεκτείνει την εμβέλεια της ακοής του χρήστη σε ακτίνα πολλών χιλιομέτρων"
    },
    {
        "spell_id": 6,
        "title": "Ξόρκι Προστασίας",
        "description": "Δημιουργεί μία αδιάσπαστη μαγική προστατευτική ασπίδα γύρω από τον χρήστη"
    },
    {
        "spell_id": 7,
        "title": "Ξόρκι Τηλεμεταφοράς",
        "description": "Μετακινεί τον χρήστη στην τοποθεσία που επιθυμεί"
    },
    {
        "spell_id": 8,
        "title": "Ξόρκι Αλλαγής Μορφής",
        "description": "Επιτρέπει στον χρήστη να αλλάξει τη μορφή του"
    },
    {
        "spell_id": 9,
        "title": "Ξόρκι Ταχύτητας",
        "description": "Χαρίζει στον χρήστη υπεράνθρωπη ταχύτητα"
    }
]