{"blocks":{"languageVersion":0,"blocks":[{"type":"update","id":"gNuKYzV!z[[y8jrw-];)","x":205,"y":314,"inputs":{"TABLE":{"block":{"type":"text","id":"JQ[-e{JR)iiM:Iz9tlC7","fields":{"TEXT":"employees"}}}}},{"type":"where","id":"C4}#YV.Ga8Qa/;|);W/j","x":336,"y":434},{"type":"set_clause","id":"kBaV/cezmvu]@KC_AudU","x":319,"y":361,"inputs":{"COLUMN_NAME":{"block":{"type":"text","id":"0(~#nBpIqPYIw:4hI+[Z","fields":{"TEXT":"salary"}}},"COLUMN_VALUE":{"block":{"type":"text","id":"DkpHh_iggrJIYXVL(}4~","fields":{"TEXT":"500"}}}}},{"type":"text","id":";Pk/!1!iSac{kGZO-73z","x":449,"y":438,"fields":{"TEXT":"id="}}]}}