{"blocks":{"languageVersion":0,"blocks":[{"type":"insert","id":"@0dqSuhb+k[zlQJcc-r,","x":-276,"y":-158},{"type":"text","id":",MQ?eq+m*jN%|^FTFEB5","x":29,"y":-193,"fields":{"TEXT":"employees"}},{"type":"value","id":"C,7/CtIB6`9R~Grq`qLE","x":-62,"y":-35,"inputs":{"VALUE":{"block":{"type":"text","id":"_-u-]~UL,xeWCyxvU|92","fields":{"TEXT":"6"}}}}},{"type":"value","id":"_uJu7E73l2|Wq9|RPa)J","x":-160,"y":114,"inputs":{"VALUE":{"block":{"type":"text","id":"8Ga]f:!rD+`r^eW{X6:S","fields":{"TEXT":"'Ioannis'"}}}}}]}}