[
    {
      "title": "Ξόρκι Αιώρησης",
      "name": "Λέπια Δράκου"
    },
    {
      "title": "Ξόρκι Αορατότητας",
      "name": "Κέρατο Μονόκερου"
    },
    {
      "title": "Ξόρκι Φλογόμπαλας",
      "name": "Φτερό Φοίνικα"
    },
    {
      "title": "Ξόρκι Θεραπείας",
      "name": "Ρίζα Μανδραγόρα"
    },
    {
      "title": "Ξόρκι Ηχητικής Ενίσχυσης",
      "name": "Λέπια Δράκου"
    },
    {
      "title": "Ξόρκι Προστασίας",
      "name": "Φτερό Φοίνικα"
    },
    {
      "title": "Ξόρκι Τηλεμεταφοράς",
      "name": "Ρίζα Μανδραγόρα"
    },
    {
      "title": "Ξόρκι Αλλαγής Μορφής",
      "name": "Κέρατο Μονόκερου"
    },
    {
      "title": "Ξόρκι Ταχύτητας",
      "name": "Λέπια Δράκου"
    }
  ]