{"blocks":{"languageVersion":0,"blocks":[{"type":"create","id":"3psCSQo/D}Oow~RkT^m@","x":267,"y":34},{"type":"text","id":"j-~dO14k%b8,YyOk*|tQ","x":459,"y":40,"fields":{"TEXT":"Customers"}},{"type":"text","id":"53dP@NL,#}$MTuK4y0Ud","x":566,"y":161,"fields":{"TEXT":"CustomerID"}},{"type":"column","id":"Y`t^.v[ir:YI=$tbx}3V","x":203,"y":175,"fields":{"TYPE":"INTEGER","CONSTRAIN":"PRIMARY KEY"}},{"type":"column","id":"^(;WdrYsg^`rV!dwGX**","x":249,"y":330,"fields":{"TYPE":"TEXT","CONSTRAIN":""}}]}}